end_ts,pid,slot,start_ts,ctx,prompt_n,prompt_tps,gen_n,gen_tps,acc,mlen,step_ms,busy_frac,model,port
1699997030,4000,0,1699997000,3000,2700,1800.0,400,48.544,300,3.00,61.800,0.00,m1,8081
1699997430,4000,0,1699997400,4000,3700,1800.0,400,47.506,300,3.00,63.150,0.00,m1,8081
1699997830,4000,0,1699997800,5000,4700,1800.0,400,47.506,300,3.00,63.150,0.00,m1,8081
1699998230,4000,0,1699998200,6000,5700,1800.0,400,47.506,300,3.00,63.150,0.00,m1,8081
1700000150,4101,0,1700000120,4000,3700,1800.0,400,49.505,300,3.10,62.620,0.00,m1,8081
1700000350,4101,0,1700000320,6000,5700,1800.0,400,40.209,300,2.90,72.123,0.80,m1,8081
1700000570,4101,0,1700000540,7500,7200,1800.0,400,48.077,300,3.20,66.560,0.10,m1,8081
1700002050,4101,1,1700002020,7000,6700,1800.0,400,47.962,300,3.20,66.720,0.00,m1,8081
1700002250,4101,1,1700002220,9000,8700,1800.0,400,39.793,300,2.90,72.877,0.80,m1,8081
1700003950,4101,0,1700003920,10000,9700,1800.0,400,47.506,300,3.30,69.465,0.00,m1,8081
1700004150,4101,0,1700004120,12000,11700,1800.0,400,39.386,300,2.90,73.631,0.80,m1,8081
1700005850,4101,1,1700005820,13000,12700,1800.0,400,47.059,300,3.10,65.875,0.00,m1,8081
1700006050,4101,1,1700006020,15000,14700,1800.0,400,38.986,300,2.90,74.385,0.80,m1,8081
1700006270,4101,1,1700006240,16500,16200,1800.0,400,45.767,300,3.20,69.920,0.10,m1,8081
1700007750,4101,0,1700007720,16000,15700,1800.0,400,46.620,300,3.20,68.640,0.00,m1,8081
1700007950,4101,0,1700007920,18000,17700,1800.0,400,37.936,300,2.90,76.444,0.80,m1,8081
1700009650,4101,1,1700009620,4000,3700,1800.0,400,48.544,300,3.30,67.980,0.00,m1,8081
1700009850,4101,1,1700009820,6000,5700,1800.0,400,40.290,300,2.90,71.978,0.80,m1,8081
1700011550,4101,0,1700011520,7000,6700,1800.0,400,48.077,300,3.10,64.480,0.00,m1,8081
1700011750,4101,0,1700011720,9000,8700,1800.0,400,39.872,300,2.90,72.732,0.80,m1,8081
1700011970,4101,0,1700011940,10500,10200,1800.0,400,47.733,300,3.20,67.040,0.10,m1,8081
1700013450,4101,1,1700013420,10000,9700,1800.0,400,47.619,300,3.20,67.200,0.00,m1,8081
1700013650,4101,1,1700013620,12000,11700,1800.0,400,39.463,300,2.90,73.486,0.80,m1,8081
1700015350,4101,0,1700015320,13000,12700,1800.0,400,47.170,300,3.30,69.960,0.00,m1,8081
1700015550,4101,0,1700015520,15000,14700,1800.0,400,39.062,300,2.90,74.240,0.80,m1,8081
1700017250,4101,1,1700017220,16000,15700,1800.0,400,46.729,300,3.10,66.340,0.00,m1,8081
1700017450,4101,1,1700017420,18000,17700,1800.0,400,38.008,300,2.90,76.299,0.80,m1,8081
1700017670,4101,1,1700017640,19500,19200,1800.0,400,45.455,300,3.20,70.400,0.10,m1,8081
1700019150,4101,0,1700019120,4000,3700,1800.0,400,48.662,300,3.20,65.760,0.00,m1,8081
1700019350,4101,0,1700019320,6000,5700,1800.0,400,40.371,300,2.90,71.833,0.80,m1,8081
1700021050,4101,1,1700021020,7000,6700,1800.0,400,48.193,300,3.30,68.475,0.00,m1,8081
1700021250,4101,1,1700021220,9000,8700,1800.0,400,39.952,300,2.90,72.587,0.80,m1,8081
1700022950,4101,0,1700022920,10000,9700,1800.0,400,47.733,300,3.10,64.945,0.00,m1,8081
1700023150,4101,0,1700023120,12000,11700,1800.0,400,39.541,300,2.90,73.341,0.80,m1,8081
1700023370,4101,0,1700023340,13500,13200,1800.0,400,46.404,300,3.20,68.960,0.10,m1,8081
1700024850,4101,1,1700024820,13000,12700,1800.0,400,47.281,300,3.20,67.680,0.00,m1,8081
1700025050,4101,1,1700025020,15000,14700,1800.0,400,38.462,300,2.90,75.400,0.80,m1,8081
1700026750,4101,0,1700026720,16000,15700,1800.0,400,45.872,300,3.30,71.940,0.00,m1,8081
1700026950,4101,0,1700026920,18000,17700,1800.0,400,38.081,300,2.90,76.154,0.80,m1,8081
1700028650,4101,1,1700028620,4000,3700,1800.0,400,48.780,300,3.10,63.550,0.00,m1,8081
1700028850,4101,1,1700028820,6000,5700,1800.0,400,40.453,300,2.90,71.688,0.80,m1,8081
1700029070,4101,1,1700029040,7500,7200,1800.0,400,48.426,300,3.20,66.080,0.10,m1,8081
1700040150,4202,0,1700040120,4000,3700,1800.0,400,45.872,300,3.10,67.580,0.00,m1,8081
1700040350,4202,0,1700040320,6000,5700,1800.0,400,37.327,300,2.90,77.691,0.80,m1,8081
1700040570,4202,0,1700040540,7500,7200,1800.0,400,44.643,300,3.20,71.680,0.10,m1,8081
1700042050,4202,1,1700042020,7000,6700,1800.0,400,44.543,300,3.20,71.840,0.00,m1,8081
1700042250,4202,1,1700042220,9000,8700,1800.0,400,36.969,300,2.90,78.445,0.80,m1,8081
1700043950,4202,0,1700043920,10000,9700,1800.0,400,44.150,300,3.30,74.745,0.00,m1,8081
1700044150,4202,0,1700044120,12000,11700,1800.0,400,36.617,300,2.90,79.199,0.80,m1,8081
1700045850,4202,1,1700045820,13000,12700,1800.0,400,43.764,300,3.10,70.835,0.00,m1,8081
1700046050,4202,1,1700046020,15000,14700,1800.0,400,36.271,300,2.90,79.953,0.80,m1,8081
1700046270,4202,1,1700046240,16500,16200,1800.0,400,42.644,300,3.20,75.040,0.10,m1,8081
1700047750,4202,0,1700047720,16000,15700,1800.0,400,43.384,300,3.20,73.760,0.00,m1,8081
1700047950,4202,0,1700047920,18000,17700,1800.0,400,35.361,300,2.90,82.012,0.80,m1,8081
1700049650,4202,1,1700049620,4000,3700,1800.0,400,45.045,300,3.30,73.260,0.00,m1,8081
1700049850,4202,1,1700049820,6000,5700,1800.0,400,37.397,300,2.90,77.546,0.80,m1,8081
1700051550,4202,0,1700051520,7000,6700,1800.0,400,44.643,300,3.10,69.440,0.00,m1,8081
1700051750,4202,0,1700051720,9000,8700,1800.0,400,37.037,300,2.90,78.300,0.80,m1,8081
1700051970,4202,0,1700051940,10500,10200,1800.0,400,11.111,300,3.20,288.000,0.10,m1,8081
1700053450,4202,1,1700053420,10000,9700,1800.0,400,44.248,300,3.20,72.320,0.00,m1,8081
1700053650,4202,1,1700053620,12000,11700,1800.0,400,36.684,300,2.90,79.054,0.80,m1,8081
1700055350,4202,0,1700055320,13000,12700,1800.0,400,43.860,300,3.30,75.240,0.00,m1,8081
1700055550,4202,0,1700055520,15000,14700,1800.0,400,36.337,300,2.90,79.808,0.80,m1,8081
1700057250,4202,1,1700057220,16000,15700,1800.0,400,43.478,300,3.10,71.300,0.00,m1,8081
1700057450,4202,1,1700057420,18000,17700,1800.0,400,35.423,300,2.90,81.867,0.80,m1,8081
1700057670,4202,1,1700057640,19500,19200,1800.0,400,42.373,300,3.20,75.520,0.10,m1,8081
1700059150,4202,0,1700059120,4000,3700,1800.0,400,45.147,300,3.20,70.880,0.00,m1,8081
1700059350,4202,0,1700059320,6000,5700,1800.0,400,37.467,300,2.90,77.401,0.80,m1,8081
1700061050,4202,1,1700061020,7000,6700,1800.0,400,44.743,300,3.30,73.755,0.00,m1,8081
1700061250,4202,1,1700061220,9000,8700,1800.0,400,37.106,300,2.90,78.155,0.80,m1,8081
1700062950,4202,0,1700062920,10000,9700,1800.0,400,44.346,300,3.10,69.905,0.00,m1,8081
1700063150,4202,0,1700063120,12000,11700,1800.0,400,36.751,300,2.90,78.909,0.80,m1,8081
1700063370,4202,0,1700063340,13500,13200,1800.0,400,43.197,300,3.20,74.080,0.10,m1,8081
1700064850,4202,1,1700064820,13000,12700,1800.0,400,43.956,300,3.20,72.800,0.00,m1,8081
1700065050,4202,1,1700065020,15000,14700,1800.0,400,35.817,300,2.90,80.968,0.80,m1,8081
1700066750,4202,0,1700066720,16000,15700,1800.0,400,42.735,300,3.30,77.220,0.00,m1,8081
1700066950,4202,0,1700066920,18000,17700,1800.0,400,35.486,300,2.90,81.722,0.80,m1,8081
1700068650,4202,1,1700068620,4000,3700,1800.0,400,45.249,300,3.10,68.510,0.00,m1,8081
1700068850,4202,1,1700068820,6000,5700,1800.0,400,37.538,300,2.90,77.256,0.80,m1,8081
1700069070,4202,1,1700069040,7500,7200,1800.0,400,44.944,300,3.20,71.200,0.10,m1,8081
