base	t01	1	pass	ttd_s=43.0 gen=911
base	t01	2	pass	ttd_s=44.0 gen=912
base	t02	1	pass	ttd_s=45.0 gen=921
base	t02	2	pass	ttd_s=46.0 gen=922
base	t03	1	pass	ttd_s=47.0 gen=931
base	t03	2	pass	ttd_s=48.0 gen=932
base	t04	1	pass	ttd_s=49.0 gen=901
base	t04	2	pass	ttd_s=50.0 gen=902
base	t05	1	pass	ttd_s=51.0 gen=911
base	t05	2	pass	ttd_s=52.0 gen=912
base	t06	1	fail	ttd_s=106.0 gen=1321
base	t06	2	fail	ttd_s=108.0 gen=1322
base	t07	1	fail	ttd_s=110.0 gen=1331
base	t07	2	fail	ttd_s=112.0 gen=1332
base	t08	1	fail	ttd_s=114.0 gen=1301
base	t08	2	fail	ttd_s=116.0 gen=1302
base	t09	1	fail	ttd_s=118.0 gen=1311
base	t09	2	fail	ttd_s=120.0 gen=1312
base	t10	1	fail	ttd_s=122.0 gen=1321
base	t10	2	fail	ttd_s=124.0 gen=1322
base	t11	1	pass	ttd_s=63.0 gen=931
base	t11	2	pass	ttd_s=64.0 gen=932
base	t12	1	pass	ttd_s=65.0 gen=901
base	t12	2	pass	ttd_s=66.0 gen=902
base	t31	1	pass	ttd_s=67.0 gen=911
base	t31	2	pass	ttd_s=68.0 gen=912
base	t32	1	fail	ttd_s=138.0 gen=1321
base	t32	2	fail	ttd_s=140.0 gen=1322
base	t33	1	fail	ttd_s=142.0 gen=1331
base	t33	2	fail	ttd_s=144.0 gen=1332
base	t34	1	fail	ttd_s=146.0 gen=1301
base	t34	2	fail	ttd_s=148.0 gen=1302
cand	t01	1	pass	ttd_s=38.7 gen=861
cand	t01	2	pass	ttd_s=39.6 gen=862
cand	t02	1	pass	ttd_s=40.5 gen=871
cand	t02	2	pass	ttd_s=41.4 gen=872
cand	t03	1	pass	ttd_s=42.3 gen=881
cand	t03	2	pass	ttd_s=43.2 gen=882
cand	t04	1	pass	ttd_s=44.1 gen=851
cand	t04	2	pass	ttd_s=45.0 gen=852
cand	t05	1	pass	ttd_s=45.9 gen=861
cand	t05	2	pass	ttd_s=46.8 gen=862
cand	t06	1	pass	ttd_s=47.7 gen=871
cand	t06	2	pass	ttd_s=48.6 gen=872
cand	t07	1	pass	ttd_s=49.5 gen=881
cand	t07	2	pass	ttd_s=50.4 gen=882
cand	t08	1	pass	ttd_s=51.3 gen=851
cand	t08	2	pass	ttd_s=52.2 gen=852
cand	t09	1	pass	ttd_s=53.1 gen=861
cand	t09	2	pass	ttd_s=54.0 gen=862
cand	t10	1	pass	ttd_s=54.9 gen=871
cand	t10	2	pass	ttd_s=55.8 gen=872
cand	t11	1	pass	ttd_s=56.7 gen=881
cand	t11	2	pass	ttd_s=57.6 gen=882
cand	t12	1	pass	ttd_s=58.5 gen=851
cand	t12	2	pass	ttd_s=59.4 gen=852
cand	t31	1	pass	ttd_s=60.3 gen=861
cand	t31	2	pass	ttd_s=61.2 gen=862
cand	t32	1	pass	ttd_s=62.1 gen=871
cand	t32	2	pass	ttd_s=63.0 gen=872
cand	t33	1	pass	ttd_s=63.9 gen=881
cand	t33	2	pass	ttd_s=64.8 gen=882
cand	t34	1	pass	ttd_s=65.7 gen=851
cand	t34	2	fail	ttd_s=133.2 gen=1252
alt	t01	1	fail	ttd_s=86.9 gen=1311
alt	t01	2	fail	ttd_s=88.9 gen=1312
alt	t02	1	pass	ttd_s=45.5 gen=921
alt	t02	2	pass	ttd_s=46.5 gen=922
alt	t03	1	pass	ttd_s=47.5 gen=931
alt	t03	2	pass	ttd_s=48.5 gen=932
alt	t04	1	pass	ttd_s=49.5 gen=901
alt	t04	2	pass	ttd_s=50.5 gen=902
alt	t05	1	pass	ttd_s=51.5 gen=911
alt	t05	2	pass	ttd_s=52.5 gen=912
alt	t06	1	pass	ttd_s=53.5 gen=921
alt	t06	2	pass	ttd_s=54.5 gen=922
alt	t07	1	fail	ttd_s=111.1 gen=1331
alt	t07	2	fail	ttd_s=113.1 gen=1332
alt	t08	1	fail	ttd_s=115.1 gen=1301
alt	t08	2	fail	ttd_s=117.2 gen=1302
alt	t09	1	fail	ttd_s=119.2 gen=1311
alt	t09	2	fail	ttd_s=121.2 gen=1312
alt	t10	1	fail	ttd_s=123.2 gen=1321
alt	t10	2	fail	ttd_s=125.2 gen=1322
alt	t11	1	pass	ttd_s=63.6 gen=931
alt	t11	2	pass	ttd_s=64.6 gen=932
alt	t12	1	pass	ttd_s=65.7 gen=901
alt	t12	2	pass	ttd_s=66.7 gen=902
alt	t31	1	pass	ttd_s=67.7 gen=911
alt	t31	2	pass	ttd_s=68.7 gen=912
alt	t32	1	fail	ttd_s=139.4 gen=1321
alt	t32	2	fail	ttd_s=141.4 gen=1322
alt	t33	1	fail	ttd_s=143.4 gen=1331
alt	t33	2	fail	ttd_s=145.4 gen=1332
alt	t34	1	fail	ttd_s=147.5 gen=1301
alt	t34	2	fail	ttd_s=149.5 gen=1302
