# synthetic, not measured: cargo run --example ab_demo_data -- 229 70 1
step,step_ms
0,73.094
1,70.141
2,74.683
3,70.643
4,78.062
5,75.350
6,74.520
7,74.814
8,72.313
9,71.998
10,95.631
11,73.943
12,78.021
13,73.690
14,103.045
15,72.766
16,75.476
17,79.101
18,73.351
19,71.004
20,70.734
21,79.727
22,70.693
23,77.015
24,70.549
25,77.599
26,76.984
27,75.541
28,72.674
29,70.205
30,73.555
31,71.450
32,71.688
33,454.059
34,87.024
35,70.970
36,71.920
37,74.291
38,70.744
39,88.250
40,80.364
41,70.587
42,70.295
43,86.350
44,71.554
45,75.645
46,70.233
47,90.271
48,229.157
49,71.569
50,72.139
51,74.416
52,390.102
53,70.461
54,84.430
55,72.770
56,89.383
57,75.327
58,73.138
59,71.539
60,74.196
61,81.481
62,75.514
63,77.062
64,73.632
65,92.949
66,101.739
67,106.978
68,75.622
69,71.552
70,73.293
71,79.219
72,73.340
73,79.146
74,73.760
75,71.066
76,77.968
77,77.758
78,185.809
79,71.674
80,77.945
81,70.757
82,75.665
83,74.945
84,116.523
85,76.974
86,87.611
87,70.381
88,77.462
89,87.426
90,72.005
91,70.928
92,77.873
93,77.498
94,70.683
95,84.119
96,89.929
97,75.908
98,85.886
99,74.945
100,96.406
101,70.079
102,84.036
103,81.162
104,72.326
105,71.577
106,110.195
107,93.420
108,338.222
109,72.916
110,92.110
111,73.938
112,70.289
113,99.552
114,81.195
115,74.074
116,76.469
117,72.958
118,70.472
119,73.090
120,79.241
121,71.454
122,79.490
123,70.183
124,74.316
125,86.302
126,90.617
127,70.951
128,81.985
129,73.615
130,476.914
131,78.779
132,73.963
133,76.986
134,71.247
135,71.350
136,72.757
137,74.350
138,73.410
139,76.468
140,74.899
141,85.006
142,94.131
143,74.498
144,77.148
145,70.163
146,75.827
147,71.697
148,73.665
149,74.130
150,75.988
151,71.643
152,71.950
153,92.534
154,75.174
155,70.946
156,84.371
157,80.619
158,70.824
159,71.123
160,70.114
161,71.833
162,71.506
163,88.867
164,74.827
165,70.682
166,72.977
167,148.168
168,95.529
169,70.963
170,73.284
171,71.985
172,108.766
173,72.639
174,74.288
175,72.059
176,74.461
177,75.456
178,77.966
179,73.995
180,70.325
181,71.080
182,81.144
183,73.293
184,77.059
185,72.149
186,74.419
187,71.896
188,74.192
189,76.278
190,76.419
191,208.239
192,71.943
193,89.412
194,70.538
195,75.083
196,72.876
197,78.341
198,71.384
199,70.802
200,75.138
201,70.563
202,70.699
203,77.642
204,75.107
205,269.043
206,70.151
207,81.423
208,83.538
209,71.968
210,76.321
211,82.725
212,74.242
213,71.033
214,72.242
215,71.567
216,74.101
217,70.761
218,72.325
219,77.632
220,74.594
221,79.407
222,75.677
223,80.702
224,78.620
225,80.210
226,70.257
227,88.751
228,75.799
