# synthetic, not measured: cargo run --example ab_demo_data -- 222 125 2
step,step_ms
0,130.060
1,129.979
2,138.106
3,127.933
4,141.440
5,136.888
6,130.738
7,125.610
8,145.207
9,135.434
10,180.658
11,135.323
12,125.761
13,131.375
14,248.085
15,126.255
16,140.435
17,126.085
18,783.809
19,143.330
20,699.045
21,126.560
22,125.176
23,147.629
24,132.647
25,137.823
26,129.906
27,129.973
28,134.613
29,125.948
30,125.829
31,302.694
32,129.949
33,130.240
34,141.681
35,131.373
36,128.383
37,133.843
38,130.877
39,126.852
40,147.935
41,138.420
42,125.309
43,127.495
44,137.684
45,135.199
46,133.131
47,130.514
48,154.224
49,128.372
50,135.861
51,138.281
52,128.724
53,1052.603
54,128.077
55,135.027
56,130.039
57,127.420
58,125.030
59,129.493
60,134.266
61,126.113
62,140.370
63,132.978
64,134.236
65,125.682
66,136.471
67,163.159
68,130.928
69,138.825
70,125.382
71,128.722
72,135.556
73,238.109
74,128.597
75,144.214
76,175.887
77,864.668
78,126.780
79,126.117
80,125.088
81,201.786
82,139.671
83,134.603
84,126.105
85,130.462
86,126.604
87,131.139
88,136.860
89,139.332
90,153.626
91,140.790
92,148.707
93,128.039
94,141.655
95,127.592
96,152.904
97,136.732
98,126.133
99,148.029
100,152.148
101,143.253
102,129.004
103,128.603
104,129.457
105,138.251
106,129.028
107,140.379
108,129.323
109,127.134
110,137.765
111,135.126
112,133.486
113,184.551
114,172.511
115,130.102
116,130.106
117,158.199
118,126.049
119,127.458
120,125.635
121,129.448
122,140.146
123,132.407
124,139.972
125,162.327
126,126.025
127,128.579
128,140.609
129,126.796
130,129.208
131,130.651
132,125.740
133,126.636
134,139.917
135,133.002
136,141.164
137,125.453
138,138.591
139,128.249
140,135.311
141,127.311
142,138.735
143,128.153
144,131.946
145,313.144
146,139.132
147,174.184
148,132.432
149,152.816
150,125.410
151,126.801
152,132.954
153,130.550
154,131.668
155,133.501
156,125.223
157,140.698
158,151.949
159,126.953
160,130.995
161,138.751
162,158.013
163,133.877
164,215.102
165,135.174
166,130.049
167,130.946
168,125.419
169,128.112
170,143.632
171,126.901
172,127.943
173,134.844
174,126.655
175,279.182
176,125.999
177,128.607
178,139.687
179,138.963
180,129.542
181,128.140
182,131.172
183,132.111
184,144.823
185,157.851
186,126.349
187,130.414
188,135.234
189,139.355
190,127.631
191,144.024
192,126.789
193,126.580
194,138.998
195,144.552
196,170.720
197,211.359
198,135.420
199,130.018
200,130.898
201,136.670
202,128.092
203,157.165
204,125.939
205,126.198
206,129.132
207,126.808
208,187.537
209,126.289
210,125.861
211,150.831
212,143.128
213,153.277
214,133.582
215,132.839
216,128.060
217,135.485
218,125.186
219,128.798
220,158.732
221,127.301
